{"cameraMode":{"drawMode":0,"name":"Shaded","section":"Shading Mode"},"sceneLighting":true,"audioPlay":false,"sceneViewState":{"m_AlwaysRefresh":false,"showFog":true,"showSkybox":true,"showFlares":true,"showImageEffects":true,"showParticleSystems":true,"showVisualEffectGraphs":true,"m_FxEnabled":true},"in2DMode":false,"pivot":{"x":157.06243896484376,"y":4.904714107513428,"z":88.90235900878906},"rotation":{"x":0.10813206434249878,"y":-0.6868190169334412,"z":0.10443361103534699,"w":0.7111426591873169},"size":1.9365471601486207,"orthographic":true}