{"cameraMode":{"drawMode":0,"name":"Shaded","section":"Shading Mode"},"sceneLighting":true,"audioPlay":false,"sceneViewState":{"m_AlwaysRefresh":false,"showFog":true,"showSkybox":true,"showFlares":true,"showImageEffects":true,"showParticleSystems":true,"showVisualEffectGraphs":true,"m_FxEnabled":true},"in2DMode":false,"pivot":{"x":157.06243896484376,"y":4.904714107513428,"z":88.90235900878906},"rotation":{"x":0.05123906210064888,"y":-0.6940183639526367,"z":0.04963674396276474,"w":0.7164433002471924},"size":1.1419118642807007,"orthographic":true}