{"cameraMode":{"drawMode":0,"name":"Shaded","section":"Shading Mode"},"sceneLighting":true,"audioPlay":false,"sceneViewState":{"m_AlwaysRefresh":false,"showFog":true,"showSkybox":true,"showFlares":true,"showImageEffects":true,"showParticleSystems":true,"showVisualEffectGraphs":true,"m_FxEnabled":true},"in2DMode":false,"pivot":{"x":151.8743133544922,"y":32.79433059692383,"z":54.36972427368164},"rotation":{"x":0.19441726803779603,"y":0.04854107275605202,"z":-0.009589978493750096,"w":0.9797034859657288},"size":16.83022689819336,"orthographic":true}