{"cameraMode":{"drawMode":0,"name":"Shaded","section":"Shading Mode"},"sceneLighting":true,"audioPlay":false,"sceneViewState":{"m_AlwaysRefresh":false,"showFog":true,"showSkybox":true,"showFlares":true,"showImageEffects":true,"showParticleSystems":true,"showVisualEffectGraphs":true,"m_FxEnabled":true},"in2DMode":false,"pivot":{"x":34.17725372314453,"y":9.442989349365235,"z":-2.5581741333007814},"rotation":{"x":0.1797061562538147,"y":0.04719886556267738,"z":-0.00863276794552803,"w":0.9825524687767029},"size":11.994460105895996,"orthographic":false}